"","","","","","","","","","","","","",""
"Sr no","User Id","User Name","Email","First name","Last Name","Address","City","House Number","Postal code","Telephone number","Created at","Status","Last Logged-in At"
"1","1","herman.doug","qluettgen@example.net","Davin","Doyle","40127 Lang Loop Apt. 266 West Dejah, CT 43907","Port Carletonfurt","833","132232","1574155106333","2019-04-12 06:23:27","InActive",""
"2","5","jayesh11","jay1112@gh.com","jayesh1","patil","pune","nagpur","234222","23243242","4231117766","2019-04-12 06:23:27","Active",""
"","Sr No","Field Name","Old Value","Modified Value","Modified By","","","","","","","",""
"","1","user_name","hickle.eliane","jayesh11","patrick.schaefer","","","","","","","",""
"","2","email","beahan.tyra@example.net","jay1112@gh.com","patrick.schaefer","","","","","","","",""
"","3","address","8432 Bret Plains Lake Era, WV 06902","pune","patrick.schaefer","","","","","","","",""
"","4","house_number","71252","234222","patrick.schaefer","","","","","","","",""
"","5","postal_code","132232","23243242","patrick.schaefer","","","","","","","",""
"","6","city","Larsonport","nagpur","patrick.schaefer","","","","","","","",""
"","7","telephone_number","7256813238264","4231117766","patrick.schaefer","","","","","","","",""
"","8","user_name","hickle.eliane","jayesh1","patrick.schaefer","","","","","","","",""
"","9","email","beahan.tyra@example.net","jay112@gh.com","patrick.schaefer","","","","","","","",""
"","10","address","8432 Bret Plains Lake Era, WV 06902","pune","patrick.schaefer","","","","","","","",""
"","11","house_number","71252","234222","patrick.schaefer","","","","","","","",""
"","12","postal_code","132232","23243242","patrick.schaefer","","","","","","","",""
"","13","city","Larsonport","nagpur","patrick.schaefer","","","","","","","",""
"","14","telephone_number","7256813238264","4231117766","patrick.schaefer","","","","","","","",""
"","","","","","","","","","","","","",""
"3","6","kali.becker12","vfra12mi@example.org","Annabelle","Kerluke","25437 Powlowski Mills Apt. 699 Donnellyburgh, OK 47379","Schambergerland1","1221","1322329","7100124983","2019-04-12 06:23:27","Active",""
"","Sr No","Field Name","Old Value","Modified Value","Modified By","","","","","","","",""
"","1","user_name","kali.becker","kali.becker12","","","","","","","","",""
"","2","email","vframi@example.org","vfra12mi@example.org","","","","","","","","",""
"","3","house_number","122","1221","","","","","","","","",""
"","4","postal_code","132232","1322329","","","","","","","","",""
"","5","city","Schambergerland","Schambergerland1","","","","","","","","",""
"","6","telephone_number","7183124983104","7100124983","","","","","","","","",""
"","","","","","","","","","","","","",""
"4","7","zwyman","jeffrey.monahan@example.org","Sean","Smith","20227 Armstrong Corners Suite 880 New Rodger, NE 19815","Rosannafort","30175","132232","8992463536831","2019-04-12 06:23:27","InActive",""
"5","15","selina301","nolan124@example.net","Greyson1","Collins1","8520 Penelope Stravenue Suite 746 North Dannychester, CO 27217-2924","Lake Christophe","42504","132231","5229504611","2019-04-12 06:23:27","Active",""
"","Sr No","Field Name","Old Value","Modified Value","Modified By","","","","","","","",""
"","1","user_name","selina30","selina301","zwyman","","","","","","","",""
"","2","email","nolan24@example.net","nolan124@example.net","zwyman","","","","","","","",""
"","3","house_number","59047","42504","zwyman","","","","","","","",""
"","4","postal_code","132232","132231","zwyman","","","","","","","",""
"","5","telephone_number","8631413201379","5229504611","zwyman","","","","","","","",""
"","","","","","","","","","","","","",""
"6","16","fritsch.lola","xstark@example.org","Maximus","Kuvalis","3675 Maryjane Well East Dameon, WV 67264-4310","Port Sabrinahaven","871","132232","3602699782823","2019-04-12 06:23:27","InActive",""
"7","18","adeline.oconnell","mjast@example.org","Eulah","Barrows","3059 Sipes Harbor South Fridafurt, VA 46931","East Aracelyside","765","132232","1787645301034","2019-04-12 06:23:27","InActive",""
"8","21","kpowlowski","davion.skiles@example.com","Terrell","Abernathy","782 Mraz Springs Apt. 923 Purdyborough, CT 21420-3919","South Fionaborough","31974","132232","3678479016907","2019-04-12 06:23:27","InActive",""
"9","22","earline.schroeder","mcclure.khalid@example.net","Reggie","Mayer","5355 Huels Brooks Suite 896 South Alfred, SD 30541","Cornellstad","463","132232","5903584915680","2019-04-12 06:23:27","InActive",""
"10","23","wilber17","rarmstrong@example.net","Deonte","Graham","3714 Harber Meadows Apt. 684 New Seth, SD 03784-5199","New Keagan","8281","132232","4999254293606","2019-04-12 06:23:27","InActive",""
"11","24","jtoy","elinore51@example.com","Cassandre","Schiller","50278 Mayert Island Ernserland, IA 68342","Lake Imogene","2755","132232","1965407625432","2019-04-12 06:23:27","InActive",""
"12","25","izaiah80","dooley.salvatore@example.org","Jonathon","Mueller","914 Zetta Roads Apt. 679 Lindgrentown, LA 49614","Port Catherine","51526","132232","7055943726929","2019-04-12 06:23:27","InActive",""
"13","26","whermann","kianna20@example.net","Jonas","Cassin","7637 O'Keefe Village Apt. 474 Lake Carmenton, ND 63796","North Alexie","185","132232","1277442520848","2019-04-12 06:23:27","InActive",""
"14","27","cole89","luella.wintheiser@example.net","Elmer","Lesch","9227 Darrin Path Haagmouth, KS 23514-5415","Bartonborough","38856","132232","3177288846265","2019-04-12 06:23:27","InActive",""
"15","28","jackeline.king","waters.lia@example.org","Gustave","Kihn","38632 Hamill Ports Baronland, ME 07535-8361","West Dillanberg","484","132232","6629327296494","2019-04-12 06:23:27","InActive",""
"16","29","aufderhar.miracle","frankie07@example.net","Ludie","Schuppe","62052 Joey Junction Samirtown, MA 87833","Port Clementville","67457","132232","9866701130981","2019-04-12 06:23:27","InActive",""
"17","30","chirthe","wendy36@example.org","Yasmine","Murphy","78106 Considine Circle South Bernhard, WY 26192-0639","Port Makenziefurt","56343","132232","7770955576686","2019-04-12 06:23:27","InActive",""
"18","31","deven79","fwalker@example.com","Victoria","Bins","901 Gregg Path Apt. 400 Lake Michaleborough, OH 33274","South Tre","6013","132232","7176759859642","2019-04-12 06:23:27","InActive",""
"19","32","abshire.pascale","abbey.schowalter@example.com","Kiarra","Leannon","701 Savanah Plaza Apt. 720 Emileport, NV 36078-9654","Port Gladys","327","132232","6765690329784","2019-04-12 06:23:27","InActive",""
"20","33","fnader","wilkinson.jamison@example.org","Milan","Pollich","4332 Wyman Roads Suite 779 Altenwerthfort, NC 32307","Macejkovicville","212","132232","3041866960172","2019-04-12 06:23:27","InActive",""
"21","34","michale50","roslyn88@example.net","Einar","Torphy","338 Pfannerstill Squares Hicklehaven, NM 17834-8713","Vanessaborough","102","132232","6918993847494","2019-04-12 06:23:27","InActive",""
"22","35","schultz.terry","kathlyn.stoltenberg@example.net","Rodrick","Stanton","27554 Nienow Squares Garettborough, RI 48428","East Estebanshire","6505","132232","9365140076122","2019-04-12 06:23:27","InActive",""
"23","36","wuckert.celestino","earlene88@example.com","Macie","Gerlach","6117 Von Freeway Apt. 163 North Milan, TX 51687-7018","Bernierbury","9604","132232","9044120212922","2019-04-12 06:23:27","InActive",""
"24","37","august70","spencer93@example.com","Destini","Bechtelar","1080 Koch Corner Rachelleland, IA 31816-7430","North Noemyville","73641","132232","8922101034004","2019-04-12 06:23:27","InActive",""
"25","38","christiansen.jeremy","domenic.boyer@example.org","Jettie","Wunsch","487 Becker Cliffs Suite 523 Emmittport, VA 53288","Korbinmouth","80472","132232","3979455638820","2019-04-12 06:23:27","Active",""
"26","39","lynch.samanta","qherzog@example.net","Hubert","Orn","8587 Dooley Route Apt. 561 Maverickside, NJ 93511","Marlenland","1530","132232","6582339642782","2019-04-12 06:23:27","InActive",""
"27","40","wilbert.damore","mclaughlin.margarete@example.org","Annetta","Carroll","3371 Candace Garden Lake Alexie, MS 81220-2102","East Joanneport","3424","132232","9302797553098","2019-04-12 06:23:27","InActive",""
"28","41","abraham.nikolaus","alfred64@example.org","Kayli","Von","16453 Smitham Forges North Forestfurt, CT 06009-9456","West Eino","6450","132232","2436965935977","2019-04-12 06:23:27","InActive",""
"29","42","dayne.feest","oberbrunner.kade@example.org","Maximus","Schmitt","7807 Huels Track Dareberg, MO 86240","Millsside","76553","132232","5706731419599","2019-04-12 06:23:27","InActive",""
"30","43","markus.marks","gberge@example.org","Brooks","Tromp","4315 Runte Port Suite 126 Port Dylan, MT 46003-6574","Justinaland","326","132232","1692640751440","2019-04-12 06:23:27","InActive",""
"31","44","whand","humberto43@example.org","Arlie","Pfannerstill","862 Ara Ridges Suite 749 Nevahaven, WI 87022-3586","North Lottie","528","132232","1722518744786","2019-04-12 06:23:27","InActive",""
"32","45","claire59","pagac.rossie@example.net","Christelle","Miller","6543 Bauch Light Suite 372 Swifthaven, ME 92367","Riverton","548","132232","2647269585732","2019-04-12 06:23:27","InActive",""
"33","46","abby38","kendall81@example.com","Nicola","Trantow","3422 Julia Mountain Suite 524 North Willieport, NC 91253","Wiegandton","82565","132232","1499067402877","2019-04-12 06:23:27","Active",""
"34","47","angela54","eudora59@example.org","Morgan","Botsford","94466 Jovan Mountain Amieton, UT 42119","Gaylordchester","7353","132232","1309217466521","2019-04-12 06:23:27","Active",""
"35","48","gordon39","stiedemann.kasandra@example.net","Jules","Champlin","2543 Schoen Crescent Apt. 624 Ferrytown, MA 24148-0998","Lake Ariannashire","10281","132232","2203523409917","2019-04-12 06:23:27","InActive",""
"36","49","gayle.gaylord","hrogahn@example.org","Norberto","Spinka","928 Kreiger Springs Suite 740 Timmothyfurt, VA 89288-1846","South Gisselleside","9369","132232","6733213708219","2019-04-12 06:23:27","InActive",""
"37","50","frami.jacynthe","kurt.lowe@example.net","Rhiannon","Flatley","65578 Borer Plaza Vidaland, IA 36462","West Finnbury","79372","132232","3255556446152","2019-04-12 06:23:27","InActive",""
"38","51","devonte22","spencer.amely@example.net","Beverly","Grimes","992 Gayle Lock Suite 514 Lake Melodyview, WY 41505","Ibrahimton","932","132232","6628475742357","2019-04-12 06:23:27","InActive",""
"39","52","liana69","kuhn.darrell@example.net","Maudie","Rutherford","584 Lera Roads Marianamouth, WV 45151-6617","Lake Lue","609","132232","9282734481212","2019-04-12 06:23:27","InActive",""
"40","53","kaylie.maggio","pearl.strosin@example.org","Greta","Witting","770 Okuneva View Prohaskaport, VT 81793","Harrychester","6350","132232","8457641588375","2019-04-12 06:23:27","InActive",""
"41","54","barry01","bmclaughlin@example.com","Jarred","Waelchi","99033 Ed Lock Satterfieldview, AK 69410-7902","South Winfield","35421","132232","1451389931783","2019-04-12 06:23:27","InActive",""
"42","55","mnikolaus","sreynolds@example.net","Lydia","Borer","652 Altenwerth Dam South Donnellbury, AZ 24791-5819","Carloburgh","263","132232","3987310379231","2019-04-12 06:23:27","InActive",""
"43","56","earline52","gutkowski.edgardo@example.net","Clint","Kub","16805 Helmer Plaza Dachtown, ND 72994","Port Judson","3332","132232","9814162269826","2019-04-12 06:23:27","InActive",""
"44","57","cielo.abbott","gwehner@example.net","Freida","Runte","956 Gulgowski Spring Suite 109 East Estellefurt, ND 94838","Shanahanport","24669","132232","2517439397588","2019-04-12 06:23:27","InActive",""
"45","58","keebler.alta","vernie.klocko@example.com","Doyle","Kuphal","7492 Billy Shoals Suite 950 Marquardtview, IN 75665","South Daniela","192","132232","2875655583438","2019-04-12 06:23:27","InActive",""
"46","59","davin.kuphal","abner.flatley@example.org","Yazmin","Herzog","88835 Gibson Mill New Virginia, AZ 70129-5656","Port Octaviaberg","333","132232","9604554114850","2019-04-12 06:23:27","InActive",""
"47","60","myles34","egerlach@example.org","Wilma","Schuppe","5255 Taya Plains Apt. 231 North Ilenestad, MD 96929","Smithamhaven","3464","132232","6403581921234","2019-04-12 06:23:27","InActive",""
"48","61","steuber.makenzie","maria91@example.org","Stephen","Wisoky","2317 Schmidt Way Apt. 247 New Malvina, CO 97219-1116","East Concepcionstad","160","132232","2456631341779","2019-04-12 06:23:27","InActive",""
"49","62","keeling.ahmad","santina.kessler@example.net","Keven","Bruen","7528 Danny Mission Apt. 984 East Marlin, TX 13839-5089","Port Vincenza","189","132232","7236238341971","2019-04-12 06:23:27","Active",""
"50","63","sammy.oconner","peter.gaylord@example.com","Pietro","Gulgowski","7156 Will Unions Suite 775 West Rashawn, MA 24895","West Julianne","1984","132232","7028839463687","2019-04-12 06:23:27","InActive",""
"51","64","tremblay.mariano","nbogan@example.net","Skylar","Herman","2146 Jeanne Well Suite 139 Lake Kristina, AZ 46679","Karleeville","3694","132232","8633272737062","2019-04-12 06:23:27","InActive",""
"52","65","jayne52","annabel50@example.net","Evangeline","Marks","581 Braxton Dale Geovanyberg, AK 35355-5167","East Rhettton","28371","132232","9438211514826","2019-04-12 06:23:27","InActive",""
"53","66","lschaden","dklocko@example.com","Amparo","Koepp","23825 Pagac Courts Chadrickfort, MI 43224","Alexanderborough","49751","132232","3735861946484","2019-04-12 06:23:27","InActive",""
"54","67","pfeffer.muriel","audra.gaylord@example.com","Kayleigh","Klein","31643 Estel Path Suite 073 Lake Kaitlinmouth, MO 37410","West Davonte","613","132232","3889019572176","2019-04-12 06:23:27","InActive",""
"55","68","rollin.huel","schulist.mohammed@example.net","Delphine","Mueller","351 Nader Island New Fleta, NE 52265","West Kimberly","87868","132232","1305102427320","2019-04-12 06:23:27","InActive",""
"56","69","rodriguez.koby","keebler.karina@example.org","Elwyn","Bednar","280 Ferne Corners Suite 182 Anahiberg, WV 92551","Port Elvieport","783","132232","6742080813910","2019-04-12 06:23:27","InActive",""
"57","70","adah.gulgowski","haven85@example.org","Citlalli","Green","635 Murazik Walks Lake Jesusside, AR 96965-7245","East Kendall","4324","132232","5364453092389","2019-04-12 06:23:27","InActive",""
"58","71","bosco.genevieve","deshawn.okeefe@example.net","Haven","Ruecker","6584 Cassie Plains Apt. 511 West Wilburntown, OK 10305","New Vincenzoborough","241","132232","6944722014836","2019-04-12 06:23:27","InActive",""
"59","72","vryan","jolie.kulas@example.org","Bryce","Greenfelder","45961 Jake Fields South Alvahview, WY 59029","Clementville","116","132232","8998387767174","2019-04-12 06:23:27","InActive",""
"60","73","waelchi.juana","hickle.rosanna@example.org","Damien","Jast","7587 Dillan Road Metzborough, PA 75715-6146","Avafurt","434","132232","1575846982138","2019-04-12 06:23:27","Active",""
"61","74","turner.telly","mccullough.sandy@example.com","Adriana","Kihn","40522 Gorczany Mall Apt. 654 West Claudie, MD 84593","Terryland","976","132232","6012181842448","2019-04-12 06:23:27","InActive",""
"62","75","rahul.kris","paul17@example.net","Keyon","Feil","8441 Heathcote Lock Apt. 234 New Shanelle, CO 62680","Deckowbury","9767","132232","1229886878205","2019-04-12 06:23:27","InActive",""
"63","76","dstracke","rwehner@example.org","Ronny","Bednar","52531 Metz Row Pagacfort, IL 75254","Jenkinshaven","7634","132232","8543192584296","2019-04-12 06:23:27","InActive",""
"64","77","hberge","csteuber@example.org","Muhammad","Sipes","1465 Green Meadow West Roma, WA 71793-8631","West Georgiannabury","49934","132232","9524531973013","2019-04-12 06:23:27","InActive",""
"65","78","carter.keegan","roel.block@example.com","Dulce","Dietrich","9884 Schultz Brook Apt. 500 Lake Dawnview, IA 79412-9582","East Keyonmouth","207","132232","8874978726791","2019-04-12 06:23:27","InActive",""
"66","79","rebeka.morar","kathryn47@example.net","Isaias","Mante","286 Eugene Plains Eulahview, KY 32439","Rippinchester","33972","132232","6981721038978","2019-04-12 06:23:27","InActive",""
"67","80","jaskolski.brooke","mcglynn.adell@example.com","Dorthy","Pouros","39209 Mya Springs Oberbrunnerborough, WY 22713","Port Emmy","526","132232","5991025835111","2019-04-12 06:23:27","InActive",""
"68","81","elbert43","torp.lonie@example.org","Rosina","Buckridge","82623 Wisoky Cliffs Ryanfort, TX 89468-4994","Ferryside","1673","132232","2069564321990","2019-04-12 06:23:27","InActive",""
"69","82","zola.mayert","carli.brakus@example.com","Marcos","Barton","3903 Valentin Ridge Port Laurinestad, UT 49300","Meaghanview","353","132232","4642576165696","2019-04-12 06:23:27","InActive",""
"70","83","dewitt01","keichmann@example.com","Moriah","Bahringer","53473 Russel Via Apt. 825 Port Kiera, WY 87711-9241","Justenchester","56690","132232","1174219719851","2019-04-12 06:23:27","InActive",""
"71","84","dhauck","gutmann.godfrey@example.net","Hyman","Zieme","599 Colin Loop Apt. 115 East Reese, MS 06447","West Lillianberg","21954","132232","1032273677037","2019-04-12 06:23:27","InActive",""
"72","85","wava.marvin","gkris@example.net","Abraham","Cruickshank","640 Althea Turnpike Langoshshire, TN 79312-9841","Khalilland","165","132232","3348364574368","2019-04-12 06:23:27","InActive",""
"73","86","oma71","esteban.feeney@example.net","Eve","Heidenreich","66159 VonRueden Gardens Apt. 351 Lloydberg, NY 39394-6811","Port Jadenshire","3787","132232","8058205818502","2019-04-12 06:23:27","InActive",""
"74","87","brody.lang","dsporer@example.com","Jose","Lebsack","36648 Hackett Mall Vivianville, DE 96065-9593","Konopelskiton","2795","132232","7144262683878","2019-04-12 06:23:27","InActive",""
"75","88","buckridge.kavon","urohan@example.org","Joana","Stanton","470 Klocko Skyway Suite 857 Hyattmouth, LA 87924","South Cletusstad","4077","132232","3690118573001","2019-04-12 06:23:27","InActive",""
"76","89","rmoen","eichmann.lizzie@example.com","Eula","Conn","7660 Pinkie Road Apt. 627 Port Winona, CT 21652-3993","Matildetown","7454","132232","7104095539908","2019-04-12 06:23:27","InActive",""
"77","90","rice.anika","stephania25@example.net","Jerad","Morissette","3549 Marion Road Antonetteborough, AR 03712","Bessiefort","6913","132232","7837312848101","2019-04-12 06:23:27","InActive",""
"78","91","mara08","tiana.conn@example.org","Marcia","Heaney","932 Murphy Rapids New Javiershire, RI 05355-0389","Lamarside","450","132232","2050051042784","2019-04-12 06:23:27","InActive",""
"79","92","jarrett.nolan","joan19@example.net","Milo","Collins","804 Waelchi Cliff Kovacekmouth, TX 06715-5085","Tremaineburgh","9043","132232","1363467403332","2019-04-12 06:23:27","InActive",""
"80","93","samanta.rau","theron.stamm@example.com","Kavon","Watsica","309 Collins Plaza Hahnview, UT 36023-1548","East Bart","8611","132232","2527545414128","2019-04-12 06:23:27","InActive",""
"81","94","janderson","qjacobi@example.com","Khalid","Sporer","372 Waters Mountains Apt. 646 New Woodrow, KY 78696-5430","Trantowview","38781","132232","2953078072373","2019-04-12 06:23:27","InActive",""
"82","95","lucile.rutherford","rhea.hickle@example.com","Ian","Langworth","49165 Langosh Landing North Sagechester, NV 59028","Marymouth","702","132232","3161910995623","2019-04-12 06:23:27","InActive",""
"83","96","wprosacco","alf71@example.net","Freda","Bernier","2588 Donnelly Summit Suite 449 West Akeem, DC 81365","Kayliland","270","132232","4837037015661","2019-04-12 06:23:27","InActive",""
"84","97","ekuvalis","erika.dibbert@example.org","Cary","Kessler","809 Ora Key Apt. 668 North Madonnaview, CA 50123-7400","Lake Ceasarberg","38548","132232","9290094530042","2019-04-12 06:23:27","InActive",""
"85","98","patrick.schaefer","jenifer70@example.org","Norbert","Armstrong","528 Baumbach Gateway Apt. 595 Kuhicfort, MI 58288","West Gabrielville","56313","132232","4141716655044","2019-04-12 06:23:27","InActive",""
"86","99","santos48","letha.mosciski@example.net","Shad","Hessel","36279 Kunde Plaza Apt. 509 South Dax, LA 59051-2701","Forestberg","1298","132232","8014295748323","2019-04-12 06:23:27","InActive",""
"87","100","feil.juanita","schimmel.amani@example.net","Stefanie","Schowalter","752 Murl Neck Apt. 139 South Lavina, KY 95794-9393","Hassieton","4696","132232","2423913660981","2019-04-12 06:23:27","InActive",""
"88","101","nikhil","nik@gmail.com","nikhil","chakrawar","pune","pune","1111","112313","4244244242","2019-04-12 14:28:45","InActive",""
"89","103","nikhil123","n333ik@gmail.com","nikhil","chakrawar","pune","pune","1111","112313","4244244266","2019-04-12 14:29:22","InActive",""
"90","105","nikhil12","nt7t@gmail.com","nikhil","chakrawar","pune","pune","1111","112313","4244244270","2019-04-12 14:30:17","InActive",""
"91","107","nikhil1211","aja11y@gmail.com","nikhil88","chakrawar","pune","pune","1111","112313","4244994270","2019-04-12 14:30:58","InActive",""
"92","108","dd","ssss@gh.com","dfaf","fdsfds","dsfsdf","ghghjdsa","234234","2324324","4234423423","2019-04-15 07:27:06","InActive",""
"93","110","dd1","sss@gh.com","dfaf","fdsfds","dsfsdf","ghghjdsa","234234","2324324","4234423420","2019-04-15 07:27:30","InActive",""
"94","112","jayesh","jay12@gh.com","jayesh","patil","pune","pune","234222","23243242","4234477766","2019-04-15 07:29:24","Active",""
"95","114","jayeshpatil","ja12@gh.com","jayesh1","patil","pune","nagpur","234222","23243242","4231110000","2019-04-15 07:37:37","Active",""
"","Sr No","Field Name","Old Value","Modified Value","Modified By","","","","","","","",""
"","1","user_name","jayesh1","jayeshpatil","patrick.schaefer","","","","","","","",""
"","2","email","jay112@gh.com","ja12@gh.com","patrick.schaefer","","","","","","","",""
"","3","telephone_number","4231117766","4231110000","patrick.schaefer","","","","","","","",""
